num_nodes,num_edges,features,m_param,GPU+CPU6+Mem12,CPU6+Mem12,CPU4+Mem8,CPU3+Mem6,CPU2+Mem4,CPU1+Mem2
100,475,16,5,0.1928824570001097,0.0112416069999881,0.011794774000009,0.0113270250000141,0.01008354399994,0.0164449990000434
500,2475,16,5,0.0225555430000667,0.0228977040000017,0.0216780790000257,0.0223699639999495,0.0148246109999945,0.0266770439999959
1000,4975,16,5,0.0362169080000285,0.0369578450000744,0.0368526160000328,0.0394374090000155,0.031098107000048,0.1634710989999916
2000,9975,16,5,0.0638230310000835,0.0659453239999265,0.0659667239999635,0.065971807999972,0.0665933709999535,0.1523293970000168
5000,24975,16,5,0.130864224999982,0.1355154759999095,0.1336734299999307,0.1356503669999256,0.1357402780000711,0.3025873789999878
8000,39975,16,5,0.1815887620000467,0.1858307819999254,0.1893200140000317,0.1672393620000321,0.2804970959999764,0.3762910930000203
10000,49975,16,5,0.2113832980001007,0.2297901160000037,0.1917213550000269,0.2285954490000676,0.2417894619999288,0.4053238719999967
